code,buy,broken,missing,high_date,low_date,candle_date,drop,n_limitup,support_px,close_px,above,days_left
SH600105,False,True,不是十字星（实体 7.0%）；跌破支撑线；量为 8% 阳线的 60%（需 ≤ 50%）,2026-06-25,2026-07-29,2026-08-04,-0.6064649224281311,9,34.29029773084362,33.56000067038845,-0.021297454833984375,15
SH600487,False,True,不是十字星（实体 3.3%）；跌破支撑线,2026-06-23,2026-07-30,2026-08-05,-0.6347782611846924,8,54.41031954896355,52.700002585410296,-0.031433701515197754,16
SH600699,False,False,不是十字星（实体 6.2%）；离支撑线 6.2%（需 ≤ 5%）；量为 8% 阳线的 156%（需 ≤ 50%）,2025-09-19,2026-09-16,2026-09-17,-0.5516587495803833,6,19.87097590910538,21.110000307357435,0.06235349178314209,50
SH601606,True,False,,2025-11-25,2026-07-17,2026-07-23,-0.5766491889953613,23,29.143134671572835,30.500000773592205,0.04655873775482178,7
SH603171,False,True,不是十字星（实体 4.0%）；跌破支撑线,2026-01-16,2026-07-27,2026-07-30,-0.6184145212173462,5,41.46351799088802,37.440003232041036,-0.09703749418258667,13
SH603232,False,False,不是十字星（实体 3.6%）；量为 8% 阳线的 56%（需 ≤ 50%）,2025-11-19,2026-07-21,2026-07-28,-0.5920044183731079,10,15.131144502357948,15.44000108160774,0.020411968231201172,9
SH603256,False,True,不是十字星（实体 4.7%）；跌破支撑线；量为 8% 阳线的 55%（需 ≤ 50%）,2026-06-26,2026-08-04,2026-08-04,-0.6296130418777466,18,125.54346627689941,124.64000156433221,-0.0071964263916015625,19
SH603598,False,False,不是十字星（实体 1.1%）；离支撑线 8.3%（需 ≤ 5%）；量为 8% 阳线的 81%（需 ≤ 50%）,2026-01-14,2026-07-21,2026-07-31,-0.5919013619422913,6,17.06922138331612,18.490000026867513,0.08323633670806885,9
SH603618,False,False,不是十字星（实体 2.6%）；离支撑线 22.4%（需 ≤ 5%）,2026-06-25,2026-07-30,2026-08-05,-0.6308259963989258,24,26.219582322100653,32.08999805779572,0.22389435768127441,16
SH603716,False,False,不是十字星（实体 3.9%）,2025-09-18,2026-07-09,2026-07-16,-0.6031734943389893,16,16.120431154382224,16.18000008353356,0.003695249557495117,1
SH603822,False,False,还在第一波上涨中；不是十字星（实体 5.4%）；离支撑线 13.5%（需 ≤ 5%）；量为 8% 阳线的 66%（需 ≤ 50%）,2026-01-12,2026-07-21,2026-07-22,-0.5890554785728455,3,59.918422712682585,67.99999855233648,0.13487637042999268,9
SH605133,False,True,不是十字星（实体 4.6%）；跌破支撑线,2025-09-18,2026-07-21,2026-07-21,-0.5910345315933228,9,25.84208642708846,25.169998911274337,-0.026007473468780518,9
SH688031,False,True,不是十字星（实体 1.7%）；跌破支撑线,2026-03-10,2026-07-21,2026-07-31,-0.7048474550247192,3,90.41999940261245,86.25999863252045,-0.046007513999938965,9
SH688228,False,False,不是十字星（实体 4.5%）；离支撑线 30.1%（需 ≤ 5%）；量为 8% 阳线的 54%（需 ≤ 50%）,2026-01-27,2026-07-21,2026-07-31,-0.7966252565383911,4,66.0123426234574,85.89999739388541,0.30127179622650146,9
SH688260,False,False,不是十字星（实体 3.5%）；离支撑线 27.3%（需 ≤ 5%）；量为 8% 阳线的 58%（需 ≤ 50%）,2026-06-25,2026-07-21,2026-07-21,-0.6465955972671509,6,75.81293444786625,96.50999357000237,0.27300167083740234,9
SH688365,False,True,不是十字星（实体 5.4%）；跌破支撑线；量为 8% 阳线的 60%（需 ≤ 50%）,2026-01-14,2026-07-21,2026-07-31,-0.6403447389602661,4,14.629530983418583,14.460000531220206,-0.011588215827941895,9
SH688660,False,False,离支撑线 5.8%（需 ≤ 5%）；量为 8% 阳线的 61%（需 ≤ 50%）,2025-09-26,2026-08-25,2026-09-04,-0.7257193326950073,3,8.415981852592786,8.899999878934269,0.05751180648803711,34
SH688661,False,False,离支撑线 14.3%（需 ≤ 5%）；量为 8% 阳线的 76%（需 ≤ 50%）,2026-07-03,2026-07-30,2026-07-31,-0.618352472782135,3,81.27951078473312,92.90000653724452,0.14296960830688477,16
SH688662,False,False,不是十字星（实体 2.4%）；离支撑线 32.6%（需 ≤ 5%）；量为 8% 阳线的 105%（需 ≤ 50%）,2026-06-25,2026-07-21,2026-07-21,-0.6967251896858215,3,84.59762237143813,112.14000467440259,0.3255692720413208,9
SH688766,False,True,不是十字星（实体 5.2%）；跌破支撑线,2026-07-01,2026-07-29,2026-07-29,-0.6867445707321167,3,338.4989771324598,333.79002771143576,-0.013911247253417969,15
SZ000506,False,False,离支撑线 26.2%（需 ≤ 5%）,2026-01-29,2026-07-21,2026-07-22,-0.6206064224243164,9,13.020592004793723,16.430000231866348,0.2618473768234253,9
SZ000555,False,True,不是十字星（实体 2.1%）；跌破支撑线,2025-11-05,2026-07-20,2026-07-21,-0.5967310070991516,7,10.490364471096715,9.830000515560924,-0.06294959783554077,8
SZ001225,False,False,不是十字星（实体 2.1%）；离支撑线 11.0%（需 ≤ 5%）；量为 8% 阳线的 94%（需 ≤ 50%）,2026-01-13,2026-07-21,2026-07-30,-0.6387597322463989,7,31.1842201844607,34.60000252666049,0.1095355749130249,9
SZ001309,False,True,不是十字星（实体 4.6%）；跌破支撑线,2026-06-26,2026-07-29,2026-07-30,-0.6591829657554626,8,390.0388612255057,341.48000878307636,-0.12449747323989868,15
SZ001376,False,False,不是十字星（实体 1.2%）；离支撑线 9.9%（需 ≤ 5%）,2026-01-30,2026-07-21,2026-07-28,-0.6278613805770874,6,11.149527639623589,12.250000192347654,0.09870123863220215,9
SZ002112,False,True,跌破支撑线,2026-03-10,2026-07-21,2026-07-23,-0.5653867721557617,11,14.519845761639786,13.779999803760125,-0.05095410346984863,9
SZ002131,False,True,不是十字星（实体 2.1%）；跌破支撑线,2026-01-15,2026-07-21,2026-07-31,-0.6501535177230835,11,4.659959241567998,4.120000071980953,-0.1158720850944519,9
SZ002165,False,False,不是十字星（实体 1.7%）；离支撑线 12.6%（需 ≤ 5%）,2026-02-04,2026-07-14,2026-07-20,-0.6383695006370544,6,6.199904286363005,6.980000033683258,0.12582385540008545,4
SZ002300,False,False,不是十字星（实体 4.2%）；离支撑线 23.4%（需 ≤ 5%）；量为 8% 阳线的 128%（需 ≤ 50%）,2025-12-16,2026-07-21,2026-07-23,-0.5632084608078003,9,6.449596500313696,7.9600001616200124,0.2341858148574829,9
SZ002451,False,False,离支撑线 13.5%（需 ≤ 5%）,2025-11-13,2026-07-21,2026-07-23,-0.603192150592804,8,6.81965548998787,7.7400003586511135,0.13495469093322754,9
SZ002471,False,True,跌破支撑线,2026-02-10,2026-07-21,2026-08-03,-0.5897281765937805,15,5.680256679281995,5.100000125119889,-0.1021532416343689,9
SZ002487,False,False,还在第一波上涨中；不是十字星（实体 6.1%）；离支撑线 23.5%（需 ≤ 5%）；量为 8% 阳线的 113%（需 ≤ 50%）,2026-04-28,2026-09-10,2026-09-15,-0.6597868204116821,4,39.351255949197274,48.609999936578134,0.23528456687927246,46
SZ002512,False,True,不是十字星（实体 1.3%）；跌破支撑线；量为 8% 阳线的 64%（需 ≤ 50%）,2026-01-13,2026-07-21,2026-07-30,-0.652768611907959,13,3.6901171410486575,3.8200001073143817,0.03519749641418457,9
SZ002560,False,False,离支撑线 7.4%（需 ≤ 5%）；量为 8% 阳线的 94%（需 ≤ 50%）,2026-05-13,2026-07-21,2026-07-23,-0.6046367883682251,7,5.960444594201879,6.400000383538128,0.0737454891204834,9
SZ002585,False,False,不是十字星（实体 3.0%）；离支撑线 21.2%（需 ≤ 5%）；量为 8% 阳线的 71%（需 ≤ 50%）,2026-06-22,2026-07-21,2026-07-30,-0.5575993061065674,10,8.658453056608321,10.490000107217632,0.2115328311920166,9
SZ002596,False,False,不是十字星（实体 1.9%）；离支撑线 6.1%（需 ≤ 5%）,2025-12-03,2026-07-21,2026-07-23,-0.6492456197738647,4,2.9888570106954506,3.169999899599112,0.06060612201690674,9
SZ002702,False,False,不是十字星（实体 9.4%）；离支撑线 19.8%（需 ≤ 5%）；量为 8% 阳线的 183%（需 ≤ 50%）,2025-12-09,2026-07-21,2026-07-30,-0.648830771446228,8,4.9399494436208,5.920000069654876,0.1983928680419922,9
SZ002703,False,False,不是十字星（实体 3.8%）；离支撑线 10.3%（需 ≤ 5%）；量为 8% 阳线的 90%（需 ≤ 50%）,2026-01-13,2026-07-21,2026-07-30,-0.6066446304321289,9,14.556975987932317,16.050000146652845,0.10256421566009521,9
SZ002759,False,False,离支撑线 7.4%（需 ≤ 5%）,2026-01-06,2026-07-22,2026-07-22,-0.7920563817024231,21,12.629633310802612,13.55999919553956,0.07366526126861572,10
SZ002824,False,False,不是十字星（实体 5.2%）,2026-06-23,2026-07-21,2026-07-21,-0.5569004416465759,9,22.33119413321149,22.899999001811242,0.02547132968902588,9
SZ002846,False,False,不是十字星（实体 4.3%）；离支撑线 11.1%（需 ≤ 5%）；量为 8% 阳线的 296%（需 ≤ 50%）,2025-11-18,2026-07-21,2026-07-30,-0.611763060092926,12,10.740021651340996,11.92999967170374,0.11079847812652588,9
SZ300063,False,True,不是十字星（实体 2.4%）；跌破支撑线,2026-01-14,2026-07-21,2026-07-31,-0.6095710396766663,3,9.100848320528401,8.18999991042022,-0.10008388757705688,9
SZ300191,False,False,离支撑线 9.0%（需 ≤ 5%）,2026-03-04,2026-07-17,2026-07-20,-0.5694719552993774,4,28.579545528651195,31.149998449201817,0.08994030952453613,7
SZ300250,False,True,跌破支撑线,2025-12-05,2026-07-21,2026-07-28,-0.6388393640518188,4,15.270511665096164,14.349999613908558,-0.06028038263320923,9
SZ300265,False,True,跌破支撑线,2026-05-13,2026-07-21,2026-07-23,-0.5787950754165649,6,14.418420014478658,11.889999267007687,-0.17536044120788574,9
SZ300368,False,True,不是十字星（实体 2.6%）；跌破支撑线,2025-10-10,2026-07-14,2026-07-20,-0.6677952408790588,5,9.409043222368208,8.889999980062564,-0.05516427755355835,4
SZ300427,False,False,量为 8% 阳线的 71%（需 ≤ 50%）,2026-01-20,2026-07-21,2026-07-23,-0.7465206384658813,4,5.971935512778789,6.050000437964369,0.013072013854980469,9
SZ300468,False,True,不是十字星（实体 2.9%）；跌破支撑线,2025-09-18,2026-07-17,2026-07-21,-0.5593898296356201,3,20.4598882150307,19.90000050702336,-0.027365148067474365,7
SZ300591,False,True,不是十字星（实体 2.1%）；跌破支撑线,2025-11-11,2026-07-21,2026-07-27,-0.607081413269043,4,6.798573471236742,6.149999809029603,-0.09539848566055298,9
SZ300785,False,True,不是十字星（实体 5.6%）；跌破支撑线,2026-01-14,2026-07-21,2026-07-31,-0.6296586990356445,3,38.20128937815342,34.000002081320666,-0.1099776029586792,9
SZ300868,False,True,不是十字星（实体 2.8%）；跌破支撑线,2026-07-01,2026-07-21,2026-07-21,-0.6435890197753906,3,82.86707130384029,70.64999612569665,-0.14742976427078247,9
SZ300905,False,False,还在第一波上涨中；不是十字星（实体 1.1%）；量为 8% 阳线的 67%（需 ≤ 50%）,2026-05-13,2026-09-11,2026-09-15,-0.605124831199646,3,40.55069569366813,41.88000001736792,0.032781243324279785,47
SZ300959,False,True,不是十字星（实体 1.6%）；跌破支撑线,2026-06-02,2026-07-21,2026-07-21,-0.6551800966262817,3,101.00153327841736,83.73000211538204,-0.17100268602371216,9
SZ300963,False,True,跌破支撑线,2025-10-14,2026-07-21,2026-08-03,-0.6382047533988953,5,12.708264184319697,10.56999987638341,-0.16825777292251587,9
SZ300986,False,True,不是十字星（实体 3.4%）；跌破支撑线,2026-01-28,2026-07-21,2026-07-31,-0.7214682698249817,7,11.390623298424185,10.939999688854709,-0.039560914039611816,9
SZ301112,False,True,不是十字星（实体 2.7%）；跌破支撑线,2025-10-27,2026-07-21,2026-07-29,-0.6100766658782959,3,34.198630112848726,28.52000009824726,-0.16604846715927124,9
SZ301158,False,True,跌破支撑线,2026-03-03,2026-07-21,2026-07-23,-0.5953494310379028,4,15.125949540236128,14.319999532402443,-0.05328261852264404,9
SZ301171,False,False,不是十字星（实体 3.8%）,2026-01-14,2026-07-21,2026-07-31,-0.6182712316513062,4,30.4893547876523,31.0199994497924,0.01740431785583496,9
SZ301205,False,False,不是十字星（实体 8.8%）；离支撑线 17.8%（需 ≤ 5%）；量为 8% 阳线的 70%（需 ≤ 50%）,2026-06-22,2026-07-21,2026-07-21,-0.5949870347976685,3,213.60364802457306,251.6499980878771,0.1781165599822998,9
SZ301209,False,False,不是十字星（实体 2.7%）；离支撑线 38.2%（需 ≤ 5%）；量为 8% 阳线的 111%（需 ≤ 50%）,2025-10-10,2026-07-21,2026-08-04,-0.6033644080162048,3,46.23914455740306,63.88999875300971,0.38172972202301025,9
SZ301231,False,False,不是十字星（实体 2.7%）；离支撑线 7.1%（需 ≤ 5%）,2026-02-11,2026-07-21,2026-07-31,-0.663959264755249,6,26.403273323202527,28.28000214534728,0.07107937335968018,9
SZ301292,False,True,不是十字星（实体 1.5%）；跌破支撑线；量为 8% 阳线的 52%（需 ≤ 50%）,2026-04-14,2026-07-21,2026-07-23,-0.5692495107650757,6,62.690002059031244,57.859998488642304,-0.07704585790634155,9
SZ301357,False,False,不是十字星（实体 1.9%）,2025-11-24,2026-07-21,2026-07-23,-0.6444464921951294,7,86.32600105277707,87.51000032019151,0.013715386390686035,9
SZ301378,False,True,不是十字星（实体 1.5%）；跌破支撑线,2026-01-14,2026-07-21,2026-07-31,-0.6288589239120483,4,26.199944830127183,24.789999434426907,-0.053814828395843506,9
